{
  "spiralTurns": 0.21000000000000002,
  "spiralDivisions": 10,
  "smoothness": 50,
  "cp0": { "x": 0, "y": 1 },
  "cp1": { "x": 0.07999999999999997, "y": 0.6400000000000001 },
  "cp2": { "x": 0.19999999999999998, "y": 0.30000000000000004 },
  "cp3": { "x": 0.31, "y": 0.13 },
  "cp4": { "x": 0.58, "y": 0.17 },
  "width": 0.7,
  "height": 1,
  "divisions": 20
}
