{
  "width": 0.7,
  "height": 1,
  "spiralTurns": 0.5,
  "spiralDivisions": 10,
  "smoothness": 50,
  "cp0": { "x": 0.2, "y": 1 },
  "cp1": { "x": 0.15999999999999998, "y": 0.6800000000000002 },
  "cp2": { "x": 0.19999999999999998, "y": 0.33000000000000007 },
  "cp3": { "x": 0.31, "y": 0.13 },
  "cp4": { "x": 0.58, "y": 0.24000000000000002 },
  "divisions": 20
}
