{
  "spiralTurns": 0.28,
  "spiralDivisions": 10,
  "smoothness": 50,
  "cp0": { "x": 0.29000000000000004, "y": 1 },
  "cp1": { "x": 0.26999999999999996, "y": 0.8500000000000001 },
  "cp2": { "x": 0.27, "y": 0.7100000000000001 },
  "cp3": { "x": 0.3, "y": 0.54 },
  "cp4": { "x": 0.5299999999999999, "y": 0.5 },
  "width": 0.7,
  "height": 1,
  "divisions": 20
}
