{
  "spiralTurns": 0.21000000000000002,
  "spiralDivisions": 10,
  "smoothness": 50,
  "cp0": { "x": 0, "y": 1 },
  "cp1": { "x": 0.10499999999999997, "y": 0.7000000000000002 },
  "cp2": { "x": 0.28, "y": 0.36000000000000004 },
  "cp3": { "x": 0.39, "y": 0.22 },
  "cp4": { "x": 0.73, "y": 0.35 },
  "width": 0.7,
  "height": 1,
  "divisions": 20
}
