{
  "spiralTurns": 0.32,
  "spiralDivisions": 10,
  "smoothness": 50,
  "cp0": { "x": 0.31, "y": 1 },
  "cp1": { "x": 0.24999999999999997, "y": 0.7000000000000002 },
  "cp2": { "x": 0.27999999999999997, "y": 0.4800000000000001 },
  "cp3": { "x": 0.4, "y": 0.31 },
  "cp4": { "x": 0.57, "y": 0.42000000000000004 },
  "width": 0.7,
  "height": 1,
  "divisions": 20
}
