{
  "spiralTurns": 3,
  "spiralDivisions": 50,
  "smoothness": 200,
  "cp0": { "x": 0, "y": 1 },
  "cp1": { "x": 0.12, "y": 0.75 },
  "cp2": { "x": 0.30000000000000004, "y": 0.51 },
  "cp3": { "x": 0.63, "y": 0.2700000000000001 },
  "cp4": { "x": 0.75, "y": 0.4800000000000001 }
}
